BRYANT,PALO ALTO CA / BRYANT #1
BRYANT,PALO ALTO CA / BRYANT #2
BRYANT,PALO ALTO CA / BRYANT #3
BRYANT,PALO ALTO CA / BRYANT #4
BRYANT,PALO ALTO CA / BRYANT #5
BRYANT,PALO ALTO CA / BRYANT #6
CAMBRIDGE,PALO ALTO CA / CAMBRIDGE #1
CAMBRIDGE,PALO ALTO CA / CAMBRIDGE #2
CAMBRIDGE,PALO ALTO CA / CAMBRIDGE #3
CAMBRIDGE,PALO ALTO CA / CAMBRIDGE #4
CAMBRIDGE,PALO ALTO CA / CAMBRIDGE #5
HAMILTON,PALO ALTO CA / HAMILTON #1
HAMILTON,PALO ALTO CA / HAMILTON #2
HIGH,PALO ALTO CA / HIGH #1
HIGH,PALO ALTO CA / HIGH #2
HIGH,PALO ALTO CA / HIGH #3
HIGH,PALO ALTO CA / HIGH #4
MPL,PALO ALTO CA / MPL #1
MPL,PALO ALTO CA / MPL #2
MPL,PALO ALTO CA / MPL #3
MPL,PALO ALTO CA / MPL #4
MPL,PALO ALTO CA / MPL #5
MPL,PALO ALTO CA / MPL #6
RINCONADA LIB,PALO ALTO CA / RINCONADA LIB 1
RINCONADA LIB,PALO ALTO CA / RINCONADA LIB 2
RINCONADA LIB,PALO ALTO CA / RINCONADA LIB 3
SHERMAN,PALO ALTO CA / SHERMAN 1
SHERMAN,PALO ALTO CA / SHERMAN 2
SHERMAN,PALO ALTO CA / SHERMAN 3
SHERMAN,PALO ALTO CA / SHERMAN 4
SHERMAN,PALO ALTO CA / SHERMAN 5
SHERMAN,PALO ALTO CA / SHERMAN 6
SHERMAN,PALO ALTO CA / SHERMAN 7
SHERMAN,PALO ALTO CA / SHERMAN 8
SHERMAN,PALO ALTO CA / SHERMAN 9
SHERMAN,PALO ALTO CA / SHERMAN 11
SHERMAN,PALO ALTO CA / SHERMAN 14
SHERMAN,PALO ALTO CA / SHERMAN 15
SHERMAN,PALO ALTO CA / SHERMAN 17
TED THOMPSON,PALO ALTO CA / TED THOMPSON #1
TED THOMPSON,PALO ALTO CA / TED THOMPSON #2
TED THOMPSON,PALO ALTO CA / TED THOMPSON #3
TED THOMPSON,PALO ALTO CA / TED THOMPSON #4
WEBSTER,PALO ALTO CA / WEBSTER #1
WEBSTER,PALO ALTO CA / WEBSTER #2
WEBSTER,PALO ALTO CA / WEBSTER #3
